Data,Chuva_mm,Umidade_%,Temperatura_C,Nivel_rio_m,enchente
2023-01-01,35.90519084803855,68.92246348672495,33.03548057092458,2.5529502121786543,0
2023-01-02,22.416970953233815,51.76586276430358,19.069454849951917,1.7180262559708783,0
2023-01-03,20.734253765564304,76.64680426454609,16.33947224050543,1.5918913777290176,0
2023-01-04,20.73453441497701,56.84099293095846,32.54700906265677,2.0390715314848236,0
2023-01-05,69.74571618345976,52.419554706305604,22.788098779577506,2.430818062248972,1
2023-01-06,43.000593464463336,70.99435770675875,25.835219285351265,2.069530199326709,0
2023-01-07,16.966170026113485,40.33034794962525,34.361316241015174,1.2115017589045014,0
2023-01-08,37.0472171014682,40.45984195895352,16.33129455828446,1.5985877780245787,0
2023-01-09,29.984403960969704,53.14412854611147,27.96636014904191,1.963013568202811,0
2023-01-10,3.238724152358781,42.20328175004927,16.482108451497343,1.962167197837085,0
2023-01-11,10.068634240315594,46.48154524784148,22.509378569330007,2.986271088394904,0
2023-01-12,31.592484560222452,60.331638960325094,31.076290903868934,1.307006028800501,0
2023-01-13,65.47765301225293,88.15514077478878,23.669444655112688,2.2527946209179373,1
2023-01-14,20.877782774387192,74.32291860215804,34.94364707805901,2.744556554164145,0
2023-01-15,15.870411585814555,70.76006355738498,26.181185698932044,3.135724872711398,0
2023-01-16,27.210113122082486,57.6093293924873,21.42324305271907,1.7978012884080194,0
2023-01-17,15.079267210771464,95.90522316596898,19.402226518095063,2.2457147263601,0
2023-01-18,19.766120717087826,63.8209024742315,22.010410685723237,2.2848801785993236,0
2023-01-19,24.73953718410397,45.22556600774629,22.450665475191016,2.0977408657766454,0
2023-01-20,9.602059572658254,77.02399096706807,16.37427355447922,1.950577399380347,0
2023-01-21,44.55090141319709,46.83030360859608,22.391483988535462,2.2179876947500228,0
2023-01-22,8.027721694185601,60.71338856810152,24.2847703947845,0.7338769573901573,0
2023-01-23,7.091901657520101,70.44471632306853,29.454755044776093,2.341034745031316,0
2023-01-24,29.009256268322023,92.45335148111054,28.134589694432158,2.0630889518309834,0
2023-01-25,42.20030711968576,69.61279482040712,29.175313104583083,1.8887625516108673,0
2023-01-26,28.467533615356057,82.13552596189986,15.167273637537143,3.023431097859779,0
2023-01-27,22.826687656269012,99.56901033994421,19.353347991610722,1.662532990604724,0
2023-01-28,19.610721524752115,47.8893471938789,28.23368576799713,1.7984620054674847,0
2023-01-29,17.098647460299755,56.48389153117117,24.679787363594944,2.995776651102367,0
2023-01-30,51.56698950779174,63.674564535858785,15.106269513366918,1.5839693475750716,1
2023-01-31,31.815659090848833,65.30969071232988,31.089892848636445,1.7249423585317305,0
2023-02-01,18.259782204879812,64.66126451593274,30.456191465806747,1.926487288284575,0
2023-02-02,14.049097939673358,94.4566601533933,25.968383259871253,2.4203672410647745,0
2023-02-03,38.81428435061811,82.84195866801139,16.329266515525443,2.1039012536766566,0
2023-02-04,50.75162510103326,76.47431284544223,30.330300990651693,1.3536873264238687,1
2023-02-05,47.718146727043326,58.562363071766924,26.674271754627277,1.7339157184364051,0
2023-02-06,12.015705723170205,89.42742305327768,30.639199543159183,1.6963227833938943,0
2023-02-07,19.477467019314364,97.30363068909934,30.03493984791681,1.9613894773884772,0
2023-02-08,16.821524512801478,89.2718969530136,31.06004143915674,2.2129218293149147,0
2023-02-09,21.57432173678983,40.093906311488375,25.360161328092495,2.209102877943986,0
2023-02-10,44.266327850448846,78.18408221100442,17.8064903638703,1.111994122975799,0
2023-02-11,61.533936858108156,43.06812288652604,28.423149467593774,2.531970493780428,1
2023-02-12,32.67730710462748,55.456433220023314,27.409475701039412,2.1262844229983116,0
2023-02-13,14.472669346383258,43.5714820208663,29.845063743981743,2.692266023796953,0
2023-02-14,24.312629473333562,76.22772717696327,18.397620121014707,2.222099163645336,0
2023-02-15,69.18809302610377,81.1953948095564,18.899503998005784,2.550661478867881,1
2023-02-16,26.723829023307793,46.86925828395431,32.808190344386574,2.2332726557250635,0
2023-02-17,19.645270538633657,63.030332982698766,29.999555969041417,2.673112878101374,0
2023-02-18,20.98278917701918,67.37419053733252,33.16456977400646,2.2611253180088893,0
2023-02-19,32.572700460720185,62.14318130565499,30.174306423278416,1.951042376778548,0
2023-02-20,12.38447601757894,47.26150002911158,26.94310611980604,3.1362173602234407,0
2023-02-21,16.48795677185044,65.13686741124852,28.082654740557473,2.444518561139946,0
2023-02-22,47.246585903613756,85.07068286850509,32.7825584788002,2.2868722105022066,0
2023-02-23,31.921914229845964,44.26045987199533,26.57613509023881,1.361847791730832,0
2023-02-24,26.9274126071832,44.810800844914205,27.647826486567748,1.3558461912682311,0
2023-02-25,48.84020347018551,61.28627751015905,18.12953432007201,2.1463577410709265,0
2023-02-26,13.72028675672288,96.5035426971355,24.478424402322055,2.0727605988841202,0
2023-02-27,19.176523758464704,80.11435880337484,29.327942239161978,1.692938717495842,0
2023-02-28,31.18395457172091,80.7201974003539,20.41885396632731,2.07049134980603,0
2023-03-01,30.403718858960445,61.715199450271896,19.0450836104907,2.7943134640217977,0
2023-03-02,6.387683614476196,75.6196474725123,21.276536164488313,2.3477012372751496,0
2023-03-03,17.70692120407672,40.6078710416646,19.83001255985667,1.429495745123631,0
2023-03-04,22.004975555424096,78.16576278457254,19.298252740727918,1.9442455864285282,0
2023-03-05,33.669083130476515,94.7972168545742,23.49701685736174,1.5975167595737196,0
2023-03-06,30.326454622763993,76.75440810068915,33.15677027767068,1.8061500417957195,0
2023-03-07,23.58589446001963,92.42191560798071,25.141192934774367,1.7931921671851787,0
2023-03-08,3.2115762285900096,83.43838332796562,18.75840761630646,1.7611772086979973,0
2023-03-09,24.490067916771906,47.23350498422141,16.539433387617482,1.3724323140133026,0
2023-03-10,26.18458541677835,94.14719843715051,28.923122902758504,1.936172659240905,0
2023-03-11,109.46996683174306,43.986630661346496,22.655975288727756,1.719696181576345,1
2023-03-12,21.456896589459497,72.03804835286583,31.436618931707187,0.535275654998866,0
2023-03-13,31.305892836959963,48.52822742760746,28.190215372815402,3.0264860122508317,0
2023-03-14,54.303191383214475,40.70239664385424,30.92482901082737,2.544384827108336,1
2023-03-15,42.57109044708541,65.32205560765834,20.438920788368975,1.811849637537502,0
2023-03-16,63.19206870917219,57.702442459249376,28.84717844922116,2.009409524870299,1
2023-03-17,6.493683291115296,69.16002962785618,20.281239693874376,1.4141728263412192,0
2023-03-18,10.305928412404883,74.63199320407304,33.781369589005834,2.847861438905433,0
2023-03-19,15.559005666633404,42.624344338536844,27.727485630667488,2.948644347386556,0
2023-03-20,5.38975792278382,47.38019770742474,21.490236003506844,2.0783468641232625,0
2023-03-21,26.351359404122213,73.51854378702552,20.390237245845455,2.511765322092672,0
2023-03-22,11.087665658557754,60.59004119035949,18.81853170143287,2.0876433894669617,0
2023-03-23,68.62813120023135,83.75040925296688,28.892819177874557,1.3316372805620347,1
2023-03-24,12.693013206679337,79.13749891551637,19.374312259958547,1.7940883155181713,0
2023-03-25,19.267548268044592,90.73626177939441,26.906065318549782,2.0659639833859784,0
2023-03-26,44.29443239556379,81.54956960015352,20.292700538507148,1.772726140628278,0
2023-03-27,7.9370708545124025,65.79586464340889,28.239378895877373,1.890673361282482,0
2023-03-28,5.003747473649867,80.37799734366595,31.298794570810784,1.9543002212454428,0
2023-03-29,28.748576156664186,56.52287045532511,30.560504862893062,1.9595607510672695,0
2023-03-30,30.377857286246297,58.37880992669276,30.217026618615634,2.0261292452487414,0
2023-03-31,43.40181959735746,87.3391095952476,18.75444811384504,1.4696974668016995,0
2023-04-01,36.53065830041622,66.78517098409493,16.767698939690373,1.6414919254360318,0
2023-04-02,31.203355058554337,87.90282043110115,28.97897656974771,1.3577078671500153,0
2023-04-03,14.008221254313394,89.3453424200967,22.366944275887025,2.4889077748431,0
2023-04-04,29.772673674554163,91.45374025967703,23.646924528066947,0.9471765290798377,0
2023-04-05,31.115613902410537,94.99811415047245,15.62298185586782,2.5767951716584627,0
2023-04-06,13.561264392127764,65.85911323079777,20.191528985500984,2.6931746986314216,0
2023-04-07,81.3311327966764,59.13200909926833,15.67352807748928,1.8489097065086892,1
2023-04-08,35.34410356152164,74.93192479564684,32.583715452024954,0.6984314560863507,0
2023-04-09,10.476926182055948,62.270345406257654,19.86793366437061,1.8193447190163547,0
2023-04-10,43.54916857803393,76.06445000801398,26.146743391460163,1.9679079193555904,0
2023-04-11,48.68092710605849,82.33515175862948,15.779586413222608,1.4947008900355434,0
2023-04-12,33.87567523142123,81.30430110952821,28.33694782611316,1.7423908030958786,0
2023-04-13,20.542797572083952,62.47317322120728,21.460546915081878,2.7650975994316758,0
2023-04-14,13.060280190693147,50.01161210192517,32.95838373915332,2.3324635811508703,0
2023-04-15,23.536457945281473,65.83176030773245,32.762363778680715,1.53771794281095,0
2023-04-16,32.20538918583453,48.55564864491453,21.505812367234956,1.201200415202284,0
2023-04-17,25.252626745374734,93.4058221110285,33.019217913809356,1.8364913411951145,0
2023-04-18,65.03290825481423,60.75264764427145,34.923153469975574,1.8932716103247809,1
2023-04-19,39.178692537705835,49.267584833399425,31.508313282478962,2.2480995936816583,0
2023-04-20,11.803800815668978,41.526865594345054,31.897426955104578,1.7323416437161705,0
2023-04-21,9.467814822438356,78.74934317718905,19.9801747221818,2.255749787680931,0
2023-04-22,35.55526672525937,78.21413904728459,26.534047977155126,2.967577020030115,0
2023-04-23,20.91753788954026,60.4362499948775,16.345118279347357,2.4077505112221314,0
2023-04-24,41.532182192840395,44.30271333085906,16.898358736433394,1.9759557463346138,0
2023-04-25,35.32958442879738,64.57773369371392,34.97785224066581,1.9084247644733527,0
2023-04-26,23.616028191393905,58.67304970380361,21.53278498851822,1.8216634329100643,0
2023-04-27,11.925910215900851,80.62723838410056,29.963678240976925,2.590320456226072,0
2023-04-28,5.642995870297829,76.34675496716142,31.13330106053633,1.6863432770243485,0
2023-04-29,29.379311125466845,61.8756236918524,32.16046542014458,2.022611354499991,0
2023-04-30,7.803773004285483,53.0735532552994,34.95256594804313,2.0255989509405428,0
2023-05-01,11.493061941085458,99.28215796933551,19.829929705137356,1.749107903594234,0
2023-05-02,28.09659419979972,67.2400972717669,15.807016537193995,1.3137672260579496,0
2023-05-03,26.14423313278938,81.29645414681423,23.22383035989172,2.161487251808834,0
2023-05-04,8.75582934710223,48.43317805470164,17.60161339657894,1.9694980140723082,0
2023-05-05,52.3848984528533,69.13538197956387,15.448517783241103,2.2501202347182847,1
2023-05-06,51.46287645672613,41.65220319216793,22.208536542829723,1.7331998467804166,1
2023-05-07,36.35871312563797,70.327307074627,30.67476502150473,2.610410649406524,0
2023-05-08,36.32766681146971,97.84104442706214,26.323613824501418,1.5616131093940777,0
2023-05-09,36.35902183696097,63.05240277914801,21.25555978420708,2.8560201420089464,0
2023-05-10,48.39839920285595,42.3397607544947,28.086840109854393,1.1261817450858693,0
2023-05-11,39.85463041242373,41.857347455160614,19.640363606176216,2.2173850322784454,0
2023-05-12,12.821967161213044,63.27920559681217,15.287628921441701,2.2377153412633115,0
2023-05-13,20.688727210564803,49.60149618779164,30.287067728728548,1.6022214660295588,0
2023-05-14,101.94798297336732,41.40112577969116,27.474861697280183,2.212196968930506,1
2023-05-15,3.472264786069053,85.37281683701062,30.2460524900192,2.6397593348800794,0
2023-05-16,16.92944564204186,67.51138053291345,15.778760333753311,0.8915905803229678,0
2023-05-17,52.57218834042444,57.35468631835927,31.742392556613044,2.2513724037454073,1
2023-05-18,13.549002393537549,94.00499098098885,27.390524000726067,0.7533645898349612,0
2023-05-19,40.60468932523835,46.96833761203153,26.267907014252803,1.5171675982383959,0
2023-05-20,25.892919575952828,97.35512973731915,27.492280962290632,2.8145831824504723,0
2023-05-21,14.385673755444634,58.83800304264117,32.28866493736729,1.709108983303973,0
2023-05-22,2.715168256817379,93.30422033852088,26.73873013117814,1.4130600177955137,0
2023-05-23,28.78728779903202,76.1765725887677,26.619007597763584,1.901031135507659,0
2023-05-24,12.579139822242665,89.60244158448924,34.81358314131532,3.033953169081776,0
2023-05-25,22.843310629122115,99.04078979262786,30.13460334137136,1.084158876396987,0
2023-05-26,36.10951454888664,57.30432626912474,23.845876109022704,1.4743450441803279,0
2023-05-27,45.79218447520617,97.66812912445558,29.147940000658554,2.748715841589813,0
2023-05-28,16.884485336610357,63.36891369414522,22.78460943383577,2.928851171768866,0
2023-05-29,14.362524229862515,63.130714284215344,19.57750924966998,1.9482843878548581,0
2023-05-30,7.669591168924451,60.42322625527034,26.937037537755188,1.3804736487366789,0
2023-05-31,47.31943608594625,72.48445644085511,33.56364196227903,3.0479217509045795,0
2023-06-01,92.72588963262913,49.24870259070923,33.58279040030925,2.7972211958745983,1
2023-06-02,50.79714574799502,73.22268912148067,21.838105562109806,2.3394734938811164,1
2023-06-03,58.434015789640505,72.50228874460024,25.5535493244339,1.59379882553129,1
2023-06-04,13.647511432834737,85.7141087562922,19.232717971397225,1.9754853295809816,0
2023-06-05,34.6170249758351,90.01899771625514,34.91262218997767,1.9198199594775847,0
2023-06-06,43.20104248441166,66.42648101874545,34.62235815735872,2.165425652307789,0
2023-06-07,9.94707896146982,58.13999496108963,27.990178594148947,2.725500719065668,0
2023-06-08,71.80728219398942,55.56009383902567,31.088281193549467,2.4397085205687015,1
2023-06-09,6.27320150401475,51.677430202292314,29.302003225674,1.4613119615076209,0
2023-06-10,64.58485523843676,43.458854931941495,26.863164380789364,2.688248225009769,1
2023-06-11,6.229231915453813,60.546878730082796,16.066959939777952,2.1565660700065776,0
2023-06-12,10.403064899171625,56.21486152784699,24.09528685105322,2.343532897929458,0
2023-06-13,35.05875739704506,97.98504315198444,28.49572604334821,2.7332704296393016,0
2023-06-14,26.37621957407919,73.46252957500263,28.550632277673692,1.4442098752432244,0
2023-06-15,18.256149497655166,60.83662234183045,22.46245236844767,1.9820872106467686,0
2023-06-16,70.0071570808476,74.82805605962176,33.833839733160616,1.7342727243203924,1
2023-06-17,7.874590321530868,48.351802080741734,18.34714064473562,1.216070287317272,0
2023-06-18,22.174383008394894,66.64262495213217,25.00718892431121,2.17335498880246,0
2023-06-19,38.21092635748357,77.57405928526383,28.817679531016456,3.2557782757922116,0
2023-06-20,30.845713653075475,69.33386990754708,28.942716117836184,1.0799611277471235,0
2023-06-21,14.776343568029391,64.10672803925945,27.97277913537631,1.983859694475265,0
2023-06-22,15.235658759481552,99.63090333398189,20.505764269037204,2.3202714675373866,0
2023-06-23,45.32549883388159,92.81888572893561,18.12413137373244,2.0615391008280906,0
2023-06-24,46.780369782986554,77.40435748956641,27.718806536534217,1.9434359737421298,0
2023-06-25,31.43548249243285,74.16264167093696,26.986042322788755,1.350391818277088,0
2023-06-26,12.137579057482846,77.23962878947503,18.58712020578482,2.1163933714700818,0
2023-06-27,15.645508378675332,52.078726469345995,29.102782911411268,1.6216180114920369,0
2023-06-28,24.597422826952915,63.70826459585912,24.10343983467313,0.9050391475107233,0
2023-06-29,27.341558608773337,42.36757197345396,28.35521183206306,2.5972961102568655,0
2023-06-30,37.16154177717133,68.5327622492096,31.747341595403014,2.479192909921021,0
2023-07-01,21.28540833964769,72.5814750374598,18.394568571538464,2.02583048842554,0
2023-07-02,44.63268348753332,53.664984166192575,15.382897359936734,2.1145373441028514,0
2023-07-03,44.2942174301177,97.84173082993082,30.582051727915736,2.537159006357781,0
2023-07-04,59.75930524617787,94.56727665623453,27.19394850305232,2.112169828389041,1
2023-07-05,25.408947438554364,83.32859412735435,28.992791392442435,2.4520087773806574,0
2023-07-06,31.817532630399587,72.00319772592175,31.76309949977285,1.851258899563075,0
2023-07-07,22.563528099211474,92.19814957886109,31.05621869649001,2.6559918692869733,0
2023-07-08,12.266920237754984,47.83914062940777,34.21840293857649,2.160392862966342,0
2023-07-09,91.35144329752694,87.4305876564931,25.718701577042363,2.097025971802937,1
2023-07-10,54.8012509201356,47.489248838010894,24.769912653198105,1.364969455643984,1
2023-07-11,43.67764392677825,87.65263975296432,23.0377439978146,2.143477927150854,0
2023-07-12,24.763591390382853,56.546054095081416,18.07382085688409,1.5840225412527744,0
2023-07-13,11.339221563164408,92.62543486109134,26.45214465764045,1.680858636735753,0
2023-07-14,49.03640864329804,96.64252562952387,20.540250486519575,1.5923121858419393,0
2023-07-15,22.25900686054257,48.92775816430694,33.42615024425951,1.4668825340503875,0
2023-07-16,33.87924476583472,67.76053630392362,26.663816085541953,3.0623857015084806,0
2023-07-17,15.595356780847098,98.8592426897611,26.856803610162203,2.665669530994202,0
2023-07-18,30.0501262746748,69.00444615838879,22.098493217540202,2.9601837510721305,0
2023-07-19,16.411980939303675,91.8128513508727,16.03978703955415,1.3885524902222182,0
2023-07-20,16.94279279650054,75.32389132787918,15.634875307459772,2.035626874955446,0
2023-07-21,29.76824067375265,62.51979447517611,23.466702883063952,1.3532461873979522,0
2023-07-22,6.13598212640863,57.147013331552216,16.691307561944758,1.652152561401468,0
2023-07-23,6.449536179121809,52.193385465165235,27.136939110802782,1.5409365082917126,0
2023-07-24,13.508616568543822,85.70789148266184,32.61946011279315,2.619792003220781,0
2023-07-25,21.09022731826588,63.19243040938167,32.65829633037444,1.80188516094912,0
2023-07-26,45.557893693294304,70.67652773204507,28.18090820264465,2.5341896668470083,0
2023-07-27,22.02894474502505,69.53952880007091,19.224636629458622,2.302060444794259,0
2023-07-28,24.643205613592627,74.63674175398788,32.25993662717744,3.1518193760523943,0
2023-07-29,19.816418150721283,91.93462873747313,32.72186870626416,1.260277888430138,0
2023-07-30,31.784617946079777,98.84436061500577,18.933071699059173,2.6296166198933992,0
2023-07-31,12.15869338090087,64.45505251442901,29.748521715413546,2.573220435200364,0
2023-08-01,22.95245901001624,89.65113532637818,20.73039097854246,1.5133105809864826,0
2023-08-02,33.61387188858867,85.87166767928306,31.052806247058594,2.50356666823658,0
2023-08-03,29.595462123489053,74.41173708733439,34.94475799807205,2.1680724815131143,0
2023-08-04,25.24464449463874,97.36282861671599,15.600520106587856,1.886261870023296,0
2023-08-05,25.477647563194743,52.02847093170416,32.94731731581864,1.5880322565140002,0
2023-08-06,35.93685490217659,46.55585261857728,27.45261067197316,1.640445274275407,0
2023-08-07,94.17298795318422,91.23771801732534,34.467652383296425,3.024906047892963,1
2023-08-08,12.890052500282533,66.3489889980249,24.300190350528553,2.0003414094787413,0
2023-08-09,95.90028490177585,90.81813125242363,31.947758611427474,2.3910650007657295,1
2023-08-10,12.38684416993929,93.5854123117249,16.247881371965544,1.6045503091662234,0
2023-08-11,2.302702429184716,43.74745561714428,21.705581001565914,1.6100735268891806,0
2023-08-12,16.13835014179738,93.00788577916364,16.340330755024198,2.540992404624971,0
2023-08-13,32.21923891253026,66.89914332216533,34.50686266958141,1.325211894224234,0
2023-08-14,81.77395223970306,70.62594934025392,31.339478145436736,1.7923931160473643,1
2023-08-15,11.325962525282229,77.59555066559261,32.05094842491941,2.017013705536116,0
2023-08-16,35.78712143404177,95.58295640380521,33.75930462867788,2.0556863009200264,0
2023-08-17,7.158599169749087,41.14696566578584,16.702069722395706,1.9104533574919218,0
2023-08-18,79.88084532450314,68.61060809906903,22.711951850266665,2.1979098905479617,1
2023-08-19,55.50119716515828,81.26332254583363,16.420697780880044,2.346427877908906,1
2023-08-20,16.97063789785216,83.3624174618937,19.215862031000572,2.367318772729665,0
2023-08-21,61.45039186617475,81.55194589222648,19.587315540753448,1.5070980956660867,1
2023-08-22,22.8468956596681,48.06610776448731,24.382144220951574,1.8579224510356014,0
2023-08-23,57.44730919004511,57.963735302300876,20.371243349072852,2.597381430938469,1
2023-08-24,25.101681352385253,61.52293152502081,17.019562136355223,2.447323593786936,0
2023-08-25,25.920855790166915,88.2662324607703,18.349821781882156,1.313570274259468,0
2023-08-26,17.258083189536418,56.72559234487318,17.94551127104182,2.175739950176101,0
2023-08-27,39.10512812214844,52.64229783203219,34.46153595824597,1.0108873753125949,0
2023-08-28,27.402619208494645,97.44688114228578,30.185850138369474,2.023467451030185,0
2023-08-29,36.343889172318484,40.531797106808135,34.35522930539124,2.9488835083729885,0
2023-08-30,5.505806077394587,99.8692513409187,23.79480973015817,1.5260536413655068,0
2023-08-31,58.80196110891774,80.60927793144373,20.567369633253133,1.582838477254209,1
2023-09-01,68.67436738967437,89.70815796694703,30.965863944183734,2.38201489078643,1
2023-09-02,27.307598832467523,57.67716378077159,21.525078360822935,1.228599242395177,0
2023-09-03,89.90559962857337,40.858916660023596,20.987667474106964,1.6836224850574806,1
2023-09-04,76.72562484616718,84.2721711136918,19.650119844156624,2.2982205687908763,1
2023-09-05,39.69587762299494,90.04867582004054,17.593579564484706,1.6828570761552983,0
2023-09-06,61.972419480543884,84.42856791721115,20.12926122033532,1.8820150063945142,1
2023-09-07,51.60786372384747,48.57101723805032,22.106394969477755,2.372092855157517,1
2023-09-08,4.066945513555396,85.20567533541814,28.47988416291461,2.2107730417682805,0
2023-09-09,20.137444784189196,86.13536692645846,16.25129684438903,2.133409198147701,0
2023-09-10,41.628461603396055,79.5124309402033,19.21013879330686,1.8304388603649806,0
2023-09-11,71.65885947567817,85.96695596773517,31.180472805833528,2.1850305576344775,1
2023-09-12,6.666658774715288,90.75528638066393,17.938438471675415,1.9381336599501218,0
2023-09-13,4.39483607972367,76.81624685424751,21.85290293045043,2.2289028049628925,0
2023-09-14,23.939677413853456,45.31628283818074,32.2931784371628,1.751533987441011,0
2023-09-15,2.53294268093856,69.25766858003266,18.098506222868853,1.9087155128102293,0
2023-09-16,23.313605163450276,44.6589600802963,16.6547367123638,1.5050211037239931,0
2023-09-17,32.79231775456404,64.45258186194584,24.690759901600217,1.982496194996882,0
2023-09-18,10.85888693284487,64.42638934753765,21.048390225570728,1.5944995681855776,0
2023-09-19,23.805761879537506,43.960590648414495,26.26816728967708,1.4429767749190034,0
2023-09-20,48.4327151432458,60.92923203816876,31.076097809669502,2.129330573927694,0
2023-09-21,16.07331115501628,46.65988592747889,17.742969763054862,2.10636988792883,0
2023-09-22,12.574826965510884,88.49411260055334,26.613981691085698,2.3914368674742863,0
2023-09-23,22.98411585811071,96.86128155786824,25.110175207797276,1.7844372152124506,0
2023-09-24,9.833800556091886,44.338988515476316,17.881575720263992,2.204026423418378,0
2023-09-25,85.61114999298243,97.30691243750209,27.47996971057965,2.2753987861368317,1
2023-09-26,25.689112208469236,71.3545959602047,20.472808357215435,2.2223869039157975,0
2023-09-27,13.750522609251028,57.973940677232434,24.75668637088025,1.587173158598929,0
2023-09-28,29.376856373424907,44.61172451656981,16.64544648554124,2.0746817411355947,0
2023-09-29,22.88725471207519,70.03745608422507,24.19168114427246,2.182070148027331,0
2023-09-30,20.96043690291836,87.67093266944492,21.129269360856405,2.003589233453971,0
2023-10-01,16.069798420464224,82.42518863600189,31.447624223707088,0.9567611708144577,0
2023-10-02,15.4250011487286,43.01356068783843,16.139574539947365,2.08024481198674,0
2023-10-03,5.640527831132326,44.374110122074214,23.3721454983666,3.106265519698621,0
2023-10-04,61.91011024159218,64.17239695795823,24.168628482628762,1.8199803656215086,1
2023-10-05,37.90954365527348,57.717429642876596,29.500121525982372,1.6359614510723395,0
2023-10-06,31.5246923501847,53.94305938336287,26.48575150180422,2.186674279855699,0
2023-10-07,22.603800315015715,56.86026993452282,28.344246743883623,2.156189105233286,0
2023-10-08,10.685878134913079,88.20896459781308,30.540985713035123,2.5963675827082073,0
2023-10-09,13.027465979726266,95.75368321791123,32.24405947316377,1.371065922045556,0
2023-10-10,6.334164358925235,64.30616167165398,21.277509934449412,2.3656901262874963,0
2023-10-11,14.453132090919503,94.36666012794981,25.760454107278058,2.295211030625732,0
2023-10-12,9.360215305786488,59.28974207487292,31.802161568783998,1.928926731529727,0
2023-10-13,73.97019806138262,68.5862191806275,34.78902261930113,2.169343658960845,1
2023-10-14,46.25422503878657,53.56173986895998,32.79038622087526,2.5147287407991787,0
2023-10-15,26.528359403527084,78.42856253055064,22.429345252487536,2.436157690014225,0
2023-10-16,11.755412602736492,98.73886691048853,18.903330344373007,1.4284903439631358,0
2023-10-17,9.81298325266278,76.20958576260273,24.787850748131774,2.410079093377742,0
2023-10-18,21.492283954236903,61.46884504681293,29.832829036720845,1.9676556974837407,0
2023-10-19,47.56626491475556,78.86904675943171,24.85138141506595,2.0364370490077577,0
2023-10-20,6.519602924947248,47.375240707923254,24.66361726627337,2.036598495500847,0
2023-10-21,37.56330578964069,93.31954481592392,31.764608421636012,1.92487850560087,0
2023-10-22,14.398508974752769,70.18503704679019,22.228075581343727,2.5958537485535325,0
2023-10-23,16.70357095599316,66.96098452237852,32.19589349623291,1.958141020075394,0
2023-10-24,25.951438186396487,75.15188730721115,23.136096019034472,1.4402269358084157,0
2023-10-25,12.114206751290757,77.48703176736414,21.56466211356679,1.8032350720151356,0
2023-10-26,20.652400794688194,44.30654837359078,24.07979822399398,2.089347358405238,0
2023-10-27,11.221776588634457,80.95703327340414,30.24893917349737,2.614607392148525,0
2023-10-28,15.411628602800613,54.515900818931776,17.520040557279884,2.3015473424744166,0
2023-10-29,42.6666570358708,82.83715795039538,18.928384317440347,1.574732360626478,0
2023-10-30,26.97331812685792,89.3520876630518,34.02889651326184,3.2425949583394456,0
2023-10-31,42.55601738854971,88.23751045315122,18.50983254762715,2.13238765548899,0
2023-11-01,14.238497370483412,73.15005804447335,26.354546358621093,2.6376953689995073,0
2023-11-02,37.7574556573006,71.21019353864507,26.586289333238756,1.9241427832113853,0
2023-11-03,4.872008212303175,48.5725576803647,24.792489241004894,2.266679622352725,0
2023-11-04,25.942769642927644,86.52076902418813,27.89490497153637,2.4197342522592025,0
2023-11-05,39.51735758771215,56.28456282680286,19.59653451595237,2.609097355877128,0
2023-11-06,4.65417083238544,69.80172536907679,26.053245355534962,2.5286841526891126,0
2023-11-07,14.382515496031354,57.056445575651004,22.443465104937943,2.436098500036489,0
2023-11-08,25.92915031832721,48.029701779981586,28.23334519258378,1.8424566344029456,0
2023-11-09,49.98840924143956,77.77346181350418,17.82447086746299,1.7141269790219693,0
2023-11-10,15.409937904209341,43.25992208937423,26.417548336789523,2.1663037551620987,0
2023-11-11,36.72707159719576,84.918714047572,18.705407107666474,2.4665640361705345,0
2023-11-12,64.59562344710827,59.055207715666995,20.572861262300727,1.8886396496116964,1
2023-11-13,37.92271258738742,40.00808158026912,19.374196006471664,2.532585982857193,0
2023-11-14,21.27057782891265,70.6677483542338,18.656755597376343,2.7263083727430897,0
2023-11-15,32.89795595633041,42.811114511656186,31.51421903121334,1.54183954046329,0
2023-11-16,15.033051604447689,56.57017346925397,20.714151353217808,1.58153964810186,0
2023-11-17,26.714572365679796,82.41858924734296,33.54247563728899,1.9298124705473318,0
2023-11-18,22.10487671002018,43.76137729731195,34.39853050690382,2.153806334094598,0
2023-11-19,32.12408371560268,90.36030954136014,26.42520939874195,1.7377164931164746,0
2023-11-20,17.842181947992866,40.22919535951499,17.860022453314528,2.676101339433572,0
2023-11-21,33.44290642961585,54.809432152114134,22.490964867591625,2.2120334307592255,0
2023-11-22,17.70170312726306,84.45424336912428,30.95464526696428,2.0197235241203697,0
2023-11-23,45.94802359092733,58.97620898375841,22.34781457394141,1.2820452380657361,0
2023-11-24,19.203125681731024,46.11354328396081,16.740344366055776,1.3420920917862464,0
2023-11-25,2.658343361107703,61.61403512802568,26.13569821856376,2.140504625140903,0
2023-11-26,10.118827073633383,56.22359718307153,31.902417029920695,0.9337021869225819,0
2023-11-27,25.358369251579067,90.56271412963329,30.918527742870047,2.5063187048220357,0
2023-11-28,73.54379893140494,58.80087505510859,18.502462802607063,1.9209230778138398,1
2023-11-29,44.746467776572544,87.33594830656043,28.455292288249332,3.6215464847973666,1
2023-11-30,1.9750452290779585,93.51232868864409,19.41008526871294,3.1539581253080553,0
2023-12-01,5.90733573160686,66.02904517459177,19.364150691043445,1.9092754653762416,0
2023-12-02,54.33344259948695,94.59658863126353,32.481435466103704,1.9468314987343425,1
2023-12-03,39.36486741237094,62.63908323779157,19.993379054804603,2.497790757001015,0
2023-12-04,99.79024200887133,97.8447049894065,20.264946930360225,2.851586304959019,1
2023-12-05,17.117864209272728,45.35737147153438,15.013067815225991,1.1809854712819916,0
2023-12-06,11.88987962737676,81.22115599019457,32.41338068251035,1.1068122673226566,0
2023-12-07,26.411640590910952,69.62884242741572,30.851896264182695,1.6889825972228092,0
2023-12-08,16.844088666374766,63.25892832733882,27.54657870181356,2.2913687915869323,0
2023-12-09,50.95495774433305,77.96271272491606,30.005315278776845,2.2484367952537987,1
2023-12-10,16.36706913196844,82.23142549805988,18.040971348489837,2.534885727491925,0
2023-12-11,20.129598303995195,40.261796179018546,24.16647189175151,1.4001512358173458,0
2023-12-12,10.432720552266328,50.01718532483192,22.02438774697562,0.8419280685155617,0
2023-12-13,42.71084891166429,82.78276303805913,16.87553052514033,2.4290070976510725,0
2023-12-14,11.05682413098802,79.98312481469239,24.72260970429848,1.5859018635173827,0
2023-12-15,33.89118513882315,97.96285030772063,33.414793006852705,0.990756067805681,0
2023-12-16,81.80062334353488,85.66226741504698,15.80118238101389,2.072531872979691,1
2023-12-17,3.9527271844296257,97.04636246388029,20.829218269875877,2.3965878441093387,0
2023-12-18,66.60242522022178,82.15243009208842,19.150818724114067,1.9389714339393613,1
2023-12-19,30.822924756217297,57.883132518366594,19.762933073313924,1.7710758069087553,0
2023-12-20,8.92510881782059,46.32189533505139,33.16869103758751,1.9203188839270466,0
2023-12-21,27.17882056295519,86.90943180069613,24.361381084685803,1.8147086187996087,0
2023-12-22,41.852606879548276,78.64895328855496,24.325988258796375,1.3259764440299164,0
2023-12-23,12.604224608889824,42.89116074359777,30.211512849105645,1.6426596615047842,0
2023-12-24,35.28645589838463,61.6030279540587,18.089844080098516,2.2606399525069074,0
2023-12-25,70.28336017567656,97.40798892905717,24.745307082001016,2.16083927068825,1
2023-12-26,16.3495652489623,70.02406874261207,23.599704282421193,2.08402990298341,0
2023-12-27,10.315923175721542,65.96374816118228,26.93821381093312,1.5024257590733103,0
2023-12-28,22.642402047854635,67.46197630955764,34.99115406500877,1.9092484189321663,0
2023-12-29,26.094709080409718,52.53296344030982,30.38897788164094,0.9114674767785726,0
2023-12-30,52.738948621601914,62.122430251887714,22.957314060348544,2.089238331942695,1
2023-12-31,22.063325065035258,62.188795359230596,31.55106104548094,2.714428853906784,0
2024-01-01,17.61114561732919,43.14130121124835,18.414167266249603,1.2629339339789472,0
2024-01-02,10.076311303494313,86.0540577110751,15.609273726179202,1.7070361633411224,0
2024-01-03,4.696368361551433,64.99026591423274,19.088967449285462,2.164553389355065,0
2024-01-04,7.416306342059076,89.3307932089854,21.808231122285193,2.626421317213742,0
2024-01-05,7.372310725457293,91.02088006719373,25.211615149191196,1.7758876918499253,0
2024-01-06,20.302445546360136,52.71964328191949,27.302582810823996,1.6538748353670518,0
2024-01-07,5.727438214600897,79.44120893020772,33.21211434428844,1.0155384287919584,0
2024-01-08,23.96325521578498,68.3369082497789,25.197080191009153,2.051719064654053,0
2024-01-09,80.61816178095891,92.8094042752891,25.025512892514588,3.021038020071872,1
2024-01-10,53.77686057071257,52.94444075058725,16.004860196459642,2.138679230982338,1
2024-01-11,20.14613248177316,80.66879201860266,15.698231053124477,1.9888605104081434,0
2024-01-12,115.27718961071838,76.46512733516334,26.023199238327443,2.1610411553834927,1
2024-01-13,26.16438352458891,57.718088654309966,23.76357226496689,1.994453998025699,0
2024-01-14,29.035427453620617,48.196054219070355,31.783607899605972,1.5934928138699351,0
2024-01-15,22.307377651148702,79.09838562863659,18.213591694236904,2.4116399578388528,0
2024-01-16,24.3710844126134,84.31584748793983,15.499433242340992,2.112880761555877,0
2024-01-17,15.884117787421266,58.937640625800995,23.980775358602518,2.0088066259668285,0
2024-01-18,20.380320748015883,78.68995624133882,19.74957113504515,1.512316986360875,0
2024-01-19,66.89867177777455,63.7078544566902,15.992287466776748,2.6517539659673797,1
2024-01-20,57.726596544016324,82.79241299695707,29.49196573695258,2.332351372666555,1
2024-01-21,2.507991660474104,51.95291649364319,17.231859999144948,1.723539581316349,0
2024-01-22,6.449160122929129,93.41290015817046,27.166390000155435,2.5009124268409684,0
2024-01-23,12.76013401189192,57.244575787934785,20.620995003337782,1.7512145808073964,0
2024-01-24,47.84932376632371,62.06715926536917,18.46992100710044,1.6089982537444816,0
2024-01-25,58.59254608077711,43.48551712482099,22.595030458386347,1.6201484412598566,1
2024-01-26,41.740914264905975,46.690732739276584,31.028915524459073,1.1144657234559543,0
2024-01-27,8.890433786247465,70.95171416273969,22.841871538091453,2.235771190209103,0
2024-01-28,16.156216505955747,56.05556060367829,30.015392984221116,1.084427560830825,0
2024-01-29,35.72456938447117,90.12881354453165,17.509725935983013,1.3857780843671188,0
2024-01-30,20.628927029048533,40.88160331929723,30.45542839330158,0.9622059954607334,0
2024-01-31,18.42141871595528,62.74564292031617,19.73866649813297,1.9569651536045534,0
2024-02-01,18.641163488640675,60.24073280614556,28.547862597777456,1.924839769864064,0
2024-02-02,54.84109219345398,41.15965785505606,26.315631096819928,1.836651893406818,1
2024-02-03,38.333984063209904,47.462103940030616,33.58289434423375,1.4787111526647119,0
2024-02-04,19.471990152068265,64.81856049511812,22.74645035950628,1.41388312328168,0
2024-02-05,31.862280072502386,69.5718750668468,16.32330377668881,2.232184931773287,0
2024-02-06,7.755976215318471,64.25738483529214,15.383109711025059,1.7247240341457561,0
2024-02-07,16.182245414265168,71.85626070472563,31.53717121945506,2.1581791607680723,0
2024-02-08,51.31283171096164,75.70790049434089,25.494712753228644,1.5573756569378887,1
2024-02-09,5.348327740500333,40.59542926767014,30.504881036698986,2.0905313713855413,0
2024-02-10,38.667345396394644,67.84570956721024,19.688512000230293,2.651639018658032,0
2024-02-11,2.472459094127238,97.8099544532553,21.901674910264674,2.2930829001963917,0
2024-02-12,74.34258227555218,71.14193680777292,15.602077444226378,1.7937930908917599,1
2024-02-13,15.862740868061438,80.65253604753718,34.22984649148224,2.1285994851779635,0
2024-02-14,33.55314896424152,58.71183147501299,28.357358134016266,1.8796674127348936,0
2024-02-15,27.277890065411043,86.43948268916574,33.664101755186124,2.003940092347364,0
2024-02-16,28.024995344508884,86.3752889125669,20.30992814858145,1.8371944739257482,0
2024-02-17,31.44681448086728,71.27776285924834,27.229272224513217,1.9178323970573043,0
2024-02-18,4.353727177506828,98.56082939675281,28.569999365852755,2.1060466765370878,0
2024-02-19,28.456916643797317,47.533012885759206,21.35099400515177,1.5033206502090246,0
2024-02-20,21.60374732848238,41.01685989337486,31.9621847003126,1.4920605865050107,0
2024-02-21,15.93663001089924,86.20949270542576,33.943229258004955,1.3057287230843944,0
2024-02-22,12.754099009557077,88.42933224189295,32.69710235392009,1.199864447748145,0
2024-02-23,28.987536404757698,47.21243374723458,29.78133951878745,1.3913586538897604,0
2024-02-24,10.436948738212884,55.93496997751636,20.54929359449908,2.0797312534020644,0
2024-02-25,50.6943991747402,41.05314180199773,20.632320842112634,1.553606242254058,1
2024-02-26,35.313975954826475,57.598516646833886,34.26720640892076,2.2568072321155483,0
2024-02-27,30.292972890174124,86.38851243512029,15.20568991871384,2.017356874376281,0
2024-02-28,49.26650711830352,71.07763166275474,29.32099946484289,1.0157478932809731,0
2024-02-29,3.6111388836809755,60.88573559009728,29.124923251105244,2.327487792110845,0
2024-03-01,7.506108616755269,62.30435769437982,27.453790818995948,2.405399322795855,0
2024-03-02,36.42397265578774,40.08121754292809,34.80217692173731,1.5030686625825733,0
2024-03-03,13.41505673326942,57.98803165391415,21.237588715274505,2.210095771447496,0
2024-03-04,14.929370775632103,78.78752449827583,21.799437275864964,1.5717508812954004,0
2024-03-05,6.455837386459568,98.45166662898143,16.57878805893111,2.048835188374168,0
2024-03-06,10.464009314874827,90.82364961903397,23.85596273087475,1.3677507965225173,0
2024-03-07,51.45785476226161,41.41569787873175,20.220970524696963,1.1034467737327116,1
2024-03-08,35.82153631963039,93.91363628049035,21.867734043552886,1.8085914051935157,0
2024-03-09,28.752875570581864,86.99190479791756,31.691435805112555,1.938135526862582,0
2024-03-10,15.42753336469765,86.82256741425883,33.70969027054991,1.801160153192698,0
2024-03-11,27.437923480493414,67.47974554021428,18.71466144010371,1.4079847208887202,0
2024-03-12,54.51296865594985,63.88031757727017,22.450178631069317,1.8000504689344314,1
2024-03-13,13.705710307910795,58.174943729991554,33.572611242307886,2.134647376290367,0
2024-03-14,24.328553335051534,43.941691537261946,16.236169213784454,1.9775534849387315,0
2024-03-15,77.35960933322174,53.69412180962195,16.84721056222757,2.0912505152996066,1
2024-03-16,41.36268328725727,54.79621809868148,18.255819784124586,1.6649423997728836,0
2024-03-17,15.613145902740053,69.0446241826121,26.904256682537493,2.58585895735808,0
2024-03-18,39.07799716148593,84.84666439580164,18.00944542011995,1.4119133317226096,0
2024-03-19,5.254705411928717,68.4285897038768,34.361527629014674,2.2437801485433595,0
2024-03-20,23.586127057562344,43.47066696682964,23.934290545170406,2.590945546479981,0
2024-03-21,39.048326687052295,97.46738805929223,25.03035920700333,2.2404540463744476,0
2024-03-22,33.10890180723993,96.56345914564673,19.93317231610813,1.898737886467585,0
2024-03-23,38.78597559665318,87.1113725889045,24.41920504869467,1.7358514766685105,0
2024-03-24,44.8755265706203,99.47967409385323,28.23827265274023,2.518043825523128,0
2024-03-25,34.98787888744136,72.66893996801578,30.023542739080856,1.2885125373691635,0
2024-03-26,34.276503423840005,97.76610101519236,30.07736165419826,1.5149378698101783,0
2024-03-27,29.241380742504298,44.53630243700505,26.557822253881767,1.8012211172541392,0
2024-03-28,9.365160085969832,61.940844895682275,33.08719549987714,2.618826878755999,0
2024-03-29,51.44253546697607,53.52287608040595,31.348156946122188,2.189883818020448,1
2024-03-30,24.241814157739952,51.7499850480562,30.140962293972507,1.5159771207448773,0
2024-03-31,40.65562807675966,48.44817693356056,16.112110433609214,1.8448461473075481,0
2024-04-01,47.92714259059604,77.34481849395979,15.137559244392985,1.6928384279518527,0
2024-04-02,16.279209817111123,86.8793113448383,19.248945543909457,1.6451055038832325,0
2024-04-03,17.49465269586621,74.69790396522164,28.270471878269046,2.4894447792783896,0
2024-04-04,19.478127014007594,48.817762575292576,23.223949777650915,1.3141284353682472,0
2024-04-05,58.05438590317897,88.66742619600825,23.048125185986237,2.8043904278671867,1
2024-04-06,11.369509012367299,78.15728242982371,32.691737764592276,2.4141148450923113,0
2024-04-07,64.79306465687512,63.28994236761973,32.91125696263677,2.545430835301849,1
2024-04-08,29.002703569479994,80.44781773216377,33.18350528107172,1.768530243987371,0
2024-04-09,30.536181010678575,55.59429875456997,21.277561530300545,1.9250296404604452,0
2024-04-10,46.48783400581953,60.71153250965263,28.821116254785235,1.283424092737644,0
2024-04-11,26.62751561983875,95.04915058791941,20.432663625487393,1.7376687964665984,0
2024-04-12,51.82970336339861,57.43027034028522,18.812196661488997,2.2468274238215753,1
2024-04-13,16.26112252560707,68.19929608947619,18.692649146947385,2.648031530890698,0
2024-04-14,63.427837007941946,93.40846824376088,21.84215241727188,1.4464215915987741,1
2024-04-15,17.32719334377029,82.46328101605164,23.599152395596434,1.817247031507367,0
2024-04-16,65.02742888529288,43.73219356988216,31.61898342110137,1.9243503898837389,1
2024-04-17,17.713977119809773,48.83818265673822,17.39782186945424,1.3021053989037574,0
2024-04-18,19.930648924537707,40.470495446315006,29.698516947897886,2.2956746208792,0
2024-04-19,10.1606917071935,77.85530741374981,25.629098283786107,1.6380048341286955,0
2024-04-20,12.884450061222738,66.8604055246251,20.75890685351985,1.902304824411488,0
2024-04-21,24.33432729439979,48.05649105413653,24.856391690656494,1.7740253140440612,0
2024-04-22,29.815360486726995,97.47604726340623,20.998841395540452,1.6053307471401628,0
2024-04-23,49.31618164176081,71.7795834367372,26.921639104766122,1.9964775072597227,0
2024-04-24,21.080863240422016,54.51359764677335,23.676878457104884,1.8921952107159887,0
2024-04-25,33.16058418966711,70.03621426928245,18.288110581577573,1.8140710588606672,0
2024-04-26,28.363849434428325,80.77721996410646,17.331661491113934,1.6357691891598285,0
2024-04-27,35.800210647554756,44.57435307841387,25.9339136414426,2.159762335391478,0
2024-04-28,14.572161791776633,56.482228902873516,33.04826066572207,2.8268086342461425,0
2024-04-29,16.06264833628574,88.41792945303962,21.87915373115371,2.0699436164195637,0
2024-04-30,14.576930319589438,67.57989222415968,29.660002144452463,2.4980591074555645,0
2024-05-01,55.81738817442853,72.7946285219377,28.173227098795337,1.3048890374232687,1
2024-05-02,63.830584147222424,65.96896013256816,33.63109828618962,2.0788807196468846,1
2024-05-03,15.496294389291766,42.63399655858031,31.419620345982818,1.4513158405144666,0
2024-05-04,15.758530113325003,49.94498678920935,26.33210517810926,1.2615375362340493,0
2024-05-05,39.36879772584259,66.73249832451346,28.140609964682145,1.6303142962704817,0
2024-05-06,68.53594630120176,52.551127924475665,32.9677293316807,2.5959496672067863,1
2024-05-07,78.39539439021945,42.99874171958072,22.990375691738695,2.4750079143348227,1
2024-05-08,14.911925098601731,90.61897984310943,21.535894117155546,2.1215023610271997,0
2024-05-09,18.218675907660387,98.87155174984696,15.216221672703927,1.2336497200550345,0
2024-05-10,30.95440741461633,87.58857243980437,31.531021483829285,1.9018596743060316,0
2024-05-11,32.052134509819396,91.22709530228002,31.019614008067297,2.150850004450868,0
2024-05-12,21.727599125816546,54.518627819022726,17.089090362003027,2.087768114789299,0
2024-05-13,12.508506953118701,97.63761853079198,26.537147622654004,1.0781032082596271,0
2024-05-14,24.36397026638601,51.8155422672057,24.279633963337748,1.5548410759900642,0
2024-05-15,78.34065169765786,97.08578862170994,17.37418191018223,1.9679611179256418,1
2024-05-16,16.256429565257577,99.68915763795707,34.61136454121447,2.268145454758595,0
2024-05-17,29.58886324054272,82.70336834476292,19.29391774926711,0.9019360894500268,0
2024-05-18,112.80436241578502,98.86862390750932,16.344683601811223,1.9189380122600708,1
2024-05-19,16.064496658596774,74.17238677402622,26.89694759003819,2.071524384939476,0
2024-05-20,40.66609420265983,55.57250699056542,29.777333542660653,2.4248059942581066,0
2024-05-21,80.52314833210053,66.21975313993725,15.64886892094374,2.3464287921187186,1
2024-05-22,38.27102291235443,75.61365612272715,28.174352774540445,2.2912856594044024,0
2024-05-23,53.202545620059915,44.3848937216209,25.645837519029087,1.600029746649033,1
2024-05-24,44.49221398620438,77.34059587703476,17.06530017750097,1.0459989314383462,0
2024-05-25,36.16612752406927,98.87067020573767,18.45047753892724,1.8034736214692995,0
2024-05-26,62.45346961287984,51.406458987023655,26.359485946321612,2.50081591260428,1
2024-05-27,39.78381304073114,87.555706977303,20.92715227026577,2.6967272637622157,0
2024-05-28,21.901406046863162,94.47392762677717,33.76631457302632,2.355274551148893,0
2024-05-29,27.950081836101116,96.62209556921326,31.374804589681016,2.214670411400867,0
2024-05-30,32.84049191540748,97.60813626432683,34.67134413027326,2.1898198241929827,0
2024-05-31,18.13041568660207,71.28757832328832,20.19341677900828,1.7219406266196098,0
2024-06-01,28.886214971038843,98.63847447949021,34.39447265595954,1.93496985322319,0
2024-06-02,25.91006474398025,85.43861242806634,23.624677395831156,2.8345347629131656,0
2024-06-03,39.698730284258986,49.700286174217716,21.95037590627509,1.5287209971040618,0
2024-06-04,94.64598604965495,68.6140063880782,16.006990539387065,2.807389395354926,1
2024-06-05,30.146929700751496,83.09987052232023,16.055305157192052,1.8389859227539709,0
2024-06-06,69.67821284520508,54.840418949145004,28.840225118933095,2.6627160545475395,1
2024-06-07,38.71622620252103,78.43691101293325,24.158579888680556,1.2965924952512309,0
2024-06-08,28.790581371132646,79.99602874279715,19.530432520722115,2.2929521005823243,0
2024-06-09,17.31307611052701,49.76198462851396,27.279406126504654,1.631614932026189,0
2024-06-10,28.95003756751531,73.90511874716537,20.057162365002224,1.2923664040379061,0
2024-06-11,27.664363060214537,86.29761465871647,26.55263508688845,2.109267021205473,0
2024-06-12,13.745384356768684,69.93373987215651,22.184174939653808,2.5047358942979843,0
2024-06-13,15.663355688126359,40.72618700656645,31.47104453223638,1.577529280703252,0
2024-06-14,33.03921773628014,40.54230814475753,31.413923215335586,1.2504920197707994,0
2024-06-15,69.22170394888548,61.42176063820073,24.547007962448028,1.9540776178325225,1
2024-06-16,23.748244833970723,95.57164410590693,22.016382186700312,1.9562823356114094,0
2024-06-17,6.136516875818191,53.72060677621653,22.25119593118189,2.274159813777249,0
2024-06-18,9.98016479361713,78.06182133230124,31.11429051336436,2.474797285682244,0
2024-06-19,41.37906113730655,53.324552241599235,21.563589655952242,1.970292409363753,0
2024-06-20,7.499794158950713,59.300199379572916,19.18118747413692,2.9277516573971316,0
2024-06-21,45.98675501036142,90.88252537608903,16.693766837506136,2.112117372267646,0
2024-06-22,39.8231890776892,83.7316865361968,24.333862417688167,1.8267867469965502,0
2024-06-23,23.128227136591924,45.723956638792636,24.64264197839684,1.194216320448586,0
2024-06-24,13.852397935069177,65.72212125918603,31.818174208058142,1.8686702398419162,0
2024-06-25,20.613416713678127,41.75018581871587,19.42477392892128,1.831806527294432,0
2024-06-26,32.45601587867696,68.85340879618053,22.619825473367996,2.480152398140735,0
2024-06-27,7.752197619151357,79.74604070206408,31.168114777873818,2.231241812033427,0
2024-06-28,64.67572965728348,47.11015741588909,31.47247221497947,1.4103154391836914,1
2024-06-29,32.241474854856875,57.333096334549936,22.692221519575362,2.0861271932055185,0
2024-06-30,34.929111624782344,63.87019753012942,24.18248046573362,2.3357655858645265,0
2024-07-01,39.625990178218956,95.17186147936299,21.06571781698566,2.7640156796939164,0
2024-07-02,60.58263999636863,99.59530092537784,33.65109756838624,2.44375198370703,1
2024-07-03,29.001985050370767,42.69467793973695,17.372875314831607,2.380423327155739,0
2024-07-04,41.396603304853194,85.66047540972352,33.6749884600294,2.0300429973075818,0
2024-07-05,14.056084366250026,62.30344398414059,28.677329036706865,2.1941560027117246,0
2024-07-06,78.60562266271562,63.547491173768805,25.631443053734625,2.6247524503530792,1
2024-07-07,27.56368971410394,85.25589840082137,15.653181215689917,1.3336113012601751,0
2024-07-08,13.994709410894444,95.10558592872451,24.511923836440168,1.825280336391522,0
2024-07-09,17.316868605983032,97.0557156701529,23.154962100054647,1.6137156256218796,0
2024-07-10,3.357855787306109,74.62735516229924,18.22437623950245,2.1895765593630623,0
2024-07-11,17.224210838517862,61.42726955803017,28.12819207001314,2.615111087825394,0
2024-07-12,1.3094888457019636,87.25294515152675,34.42301814736572,1.701512856639463,0
2024-07-13,43.51316839509278,55.060082995738014,26.243776221290503,0.804847816265281,0
2024-07-14,34.17716241805567,73.84444173001106,29.295065528878915,1.793889627487765,0
2024-07-15,10.560711519250457,61.51470769149239,16.369009051320337,2.4567368660087032,0
2024-07-16,24.08740869089544,79.39786442247257,23.353339916339895,2.2688149514749396,0
2024-07-17,24.930302001810276,54.42393477361041,17.32716970328992,2.214093123905288,0
2024-07-18,8.608542122170133,51.49557674408955,27.255916710730208,1.86000334906276,0
2024-07-19,20.960530324214627,95.09434520052622,33.769643164283096,1.360484631890107,0
2024-07-20,25.52426463829266,46.10822097697221,28.23555464943277,2.2576471608122337,0
2024-07-21,20.51241511967419,70.3574744640959,16.53606096628843,1.5828590949826875,0
2024-07-22,13.982446441206301,53.251166977780535,22.093324099701658,3.092048366690228,0
2024-07-23,10.187498836703888,42.335797799540046,26.01326758881703,2.285253604177258,0
2024-07-24,19.94204466858281,42.161129097485585,23.064155122665042,1.7096758487230246,0
2024-07-25,15.490203693993145,50.51330632634964,31.672880209503447,1.694307376305686,0
2024-07-26,37.80805571702737,92.00622127036002,31.293420094199785,1.953527896693206,0
2024-07-27,63.06857906555678,56.9487246386216,27.23662040206443,1.880249038989125,1
2024-07-28,47.52037423489634,97.02755023451775,22.469158902654105,2.5584168877649773,0
2024-07-29,26.17260729750543,74.89733757935161,20.106727475264883,2.0932080848720234,0
2024-07-30,14.448242315870619,66.19685138612596,17.117486364262586,1.6341841305457359,0
2024-07-31,46.65090864266215,74.80533008016727,22.09795366973108,2.9452203425778913,0
2024-08-01,39.42754005697366,71.00190311357606,23.263450344154393,2.0246541657601114,0
2024-08-02,60.17276034511271,85.5265752254395,28.51645850208147,2.3844198379844483,1
2024-08-03,29.02504808757348,56.949763958371136,28.16319648595147,1.6958867462776204,0
2024-08-04,75.93590333358252,61.183023496018144,16.402162792825138,2.1815578138722618,1
2024-08-05,29.031705121236648,93.64565815199504,22.905186308623158,2.1555549955715976,0
2024-08-06,14.388116764850217,96.78739078902433,18.63557734434724,1.0551753539519235,0
2024-08-07,16.751562194267795,93.55349364918847,18.136254106336114,3.0076375552303203,0
2024-08-08,36.552953709983655,65.16687963743881,31.54604299474492,2.6453222304612733,0
2024-08-09,15.454749248769733,86.82193018041289,15.838304334325152,1.8014023419270062,0
2024-08-10,75.5944120285291,68.58014399806592,23.383657518042426,1.4488651297720723,1
2024-08-11,34.4370094182957,69.85239112876613,18.364073115330363,2.173780806901776,0
2024-08-12,25.743179131615104,52.28080654343704,32.58660431356948,2.0433488497071983,0
2024-08-13,27.397178439312004,75.46781819551099,26.140810265500704,2.1778344742816147,0
2024-08-14,20.33980133858422,51.16815386520088,19.62761272753696,2.095788698097045,0
2024-08-15,4.609713105531807,59.89388194403163,25.04854574332753,2.253120494652963,0
2024-08-16,16.76193485589006,91.3018120971961,29.629727194062315,2.7236528496959034,0
2024-08-17,69.54534986547641,52.424548552651316,34.162360178388674,2.284051602564323,1
2024-08-18,29.603249875311157,44.269497110405965,19.40892008490838,1.4751722505450293,0
2024-08-19,51.25308955389893,44.14045555676898,32.723635442586904,2.681281426356226,1
2024-08-20,52.246435957126316,96.44707123018648,33.686082283349805,2.8203072817441437,1
2024-08-21,24.261676632019594,70.41522627771008,33.32841089064132,3.5760283672560425,1
2024-08-22,39.87925523023378,64.5647243090211,27.708287137238194,1.4382529833802011,0
2024-08-23,5.212597640507174,88.6527148604751,27.596413088694156,2.1214410065751377,0
2024-08-24,65.8792227751893,90.14955567463096,23.064212663676457,0.9589506484055064,1
2024-08-25,62.37978161963088,59.93146198693628,30.04795764607576,2.2765745781896047,1
2024-08-26,35.83907014415911,81.6170834484277,25.625880367018638,1.7258998509166137,0
2024-08-27,30.395302289109512,86.2673689511132,28.54876142456589,2.9617228974124767,0
2024-08-28,24.508405414857894,79.27904121195726,23.56915807697591,1.612692514990709,0
2024-08-29,55.2803251627025,49.095704488005964,29.629929280862783,1.1554084810163692,1
2024-08-30,43.11923941185242,92.55298501102342,31.48943035209098,1.7643681296487401,0
2024-08-31,18.61768980785409,72.34567316416053,17.92872513205632,1.0122561143914313,0
2024-09-01,8.981938762185587,56.94834558220022,31.65859431148456,2.375549727253655,0
2024-09-02,7.375719823930915,65.51369112626163,25.805930635806146,0.9674584768718397,0
2024-09-03,54.89004820623194,42.25426542393444,31.893318181804485,2.0142287905915794,1
2024-09-04,24.102350148449954,47.672008073345054,23.626034126820294,0.9610940900719016,0
2024-09-05,35.42241209370266,85.93280503095164,22.5808097076607,1.839851097731679,0
2024-09-06,26.51735263860659,40.00069808532197,33.30121465034445,2.821689077902267,0
2024-09-07,7.476493263033455,64.99394970893754,20.023385350968027,2.1803239457178973,0
2024-09-08,5.348655211960457,71.35061086513531,31.884246505722864,1.568253197517533,0
2024-09-09,17.592232097621462,43.278065200058336,24.680411450188082,1.984398255530458,0
2024-09-10,18.83793388171911,98.38468977833998,25.281908851025193,2.0090084360222233,0
2024-09-11,18.82822503890745,53.56751987498032,21.16936562978968,2.236315172921703,0
2024-09-12,19.274491187684923,58.25192317817685,26.460844012380313,1.3165708183595868,0
2024-09-13,90.6348425609532,58.23655073530164,21.504223925524226,2.296283636923665,1
2024-09-14,50.729396435307095,53.824999727040996,15.785388284833047,0.6478041841986124,1
2024-09-15,29.915092809402196,40.08842932517869,20.43997210688712,1.6850577238180948,0
2024-09-16,23.638923308818303,83.76068764527977,15.127580868131814,1.7558630787742278,0
2024-09-17,24.286099771178982,98.01072998795712,34.56709574113714,2.316663413035619,0
2024-09-18,42.04055063834352,53.4576089971027,34.31494419639495,2.0113154263384345,0
2024-09-19,23.469279675349007,79.78283150820535,22.9031059494461,1.2972184730718568,0
2024-09-20,47.273988372619954,84.51377961752291,29.567417086792922,1.5075034370914924,0
2024-09-21,32.32789248265441,90.90552274543148,21.9161219682085,2.0993400047737034,0
2024-09-22,91.1672262581205,65.35775182081655,28.42186314171952,1.9604663290677218,1
2024-09-23,22.39311431954473,58.17585433842575,31.10860086091958,1.7104379451821268,0
2024-09-24,53.18586267721996,59.517708041381866,33.935124893844815,1.7595831052440103,1
2024-09-25,9.785396952059925,82.75727998591077,23.00424551699344,2.3480839985796447,0
2024-09-26,14.761762785790253,89.00676799033816,30.665959659120954,1.7411537135653927,0
2024-09-27,83.40015864220052,50.89683806539616,20.318569012642378,1.9559543779854633,1
2024-09-28,45.91731919601707,62.25646048946591,34.80664607587296,3.084968294040271,0
2024-09-29,35.87975092804483,94.116411804949,15.515391975287024,1.2881586815580386,0
2024-09-30,106.39831236754875,88.40161118168436,27.070576130022417,1.0740786342126707,1
2024-10-01,23.90073410399512,99.09150416574855,28.19011963302654,2.3917948323993032,0
2024-10-02,53.10080229622631,85.25489558092485,28.760911141482577,1.6606784693529484,1
2024-10-03,55.75170913696321,63.59171206167534,17.40775157578178,1.84088123612869,1
2024-10-04,71.8472103415702,75.43827003967826,33.77059566946261,1.609421810934443,1
2024-10-05,8.723395174728886,79.66085525483922,18.623665581001656,1.8700999296162437,0
2024-10-06,23.778421354515142,44.70734897902744,27.45506806479682,2.799269056048171,0
2024-10-07,31.92217179430369,72.66981754623191,19.453521582461697,2.4010642293090596,0
2024-10-08,71.07804684575581,82.55924970835657,21.144328340425417,2.4311117559434887,1
2024-10-09,34.85126598853287,50.039278240063624,25.929170834562488,1.2918864721036774,0
2024-10-10,55.83240655416374,86.83790304553344,23.343868371291528,1.4244231317235654,1
2024-10-11,7.966455168844652,75.0263668308467,18.204512019530124,0.5804606702572865,0
2024-10-12,19.669089580207842,97.13330714185568,18.418728048416966,1.5953095894586231,0
2024-10-13,62.22371389167348,42.5453378924135,23.36289576325599,2.478351593192829,1
2024-10-14,21.796016905112797,55.919568253328016,30.145659565510016,2.2584732578741855,0
2024-10-15,25.302902119925115,76.09323275798944,32.95929293695577,1.889243368523938,0
2024-10-16,70.33422934341343,57.79359473235584,16.682553245187655,1.9888498581409735,1
2024-10-17,11.92392848360495,82.86544984427454,22.862078151188022,1.6555572287122973,0
2024-10-18,14.555658849112008,85.54031695131586,17.004911274457534,2.1023794412008923,0
2024-10-19,7.134594138375064,46.150957843988465,15.331849612651958,2.3829391397403072,0
2024-10-20,72.18372960886647,70.83126785240606,28.234373652879132,1.1920566062947637,1
2024-10-21,50.096806736147535,70.53343333546336,27.048988839331756,2.149823843918674,1
2024-10-22,49.238341733391906,62.156846212932464,18.260382276297726,2.4662174354773336,0
2024-10-23,19.222494953186757,95.97549175418033,19.67625666186128,1.7924498555183153,0
2024-10-24,6.590962765679433,89.65037919239327,15.474155072890367,2.350350306060292,0
2024-10-25,4.7566997622589415,81.8325629145782,31.698944113888075,3.4073272222362765,0
2024-10-26,62.52886374715668,82.85959814409986,34.49381192097103,1.947828603506554,1
2024-10-27,37.587187429307086,67.70296862878715,17.709190735893817,2.1966535250026618,0
2024-10-28,42.76455935935774,95.25967126579455,19.629504275305962,1.6309714581693042,0
2024-10-29,30.850159334518107,81.67572563519713,32.36819047893868,2.0906255813010253,0
2024-10-30,13.057411162249087,83.738863699349,33.529275959123694,2.230135812491152,0
2024-10-31,19.949127873080716,91.70145422724072,23.39254765613621,2.097421170135069,0
2024-11-01,10.326807348640008,56.444295360531456,16.01244944538148,1.4901523401455716,0
2024-11-02,9.140235269005965,88.42425423200217,15.787836673856388,2.1031808856627254,0
2024-11-03,47.33290943698714,51.71443617738952,26.47899732138021,2.731097969358818,0
2024-11-04,5.252817006362244,60.72051713469327,22.85790217786358,2.224317882257264,0
2024-11-05,10.392504396378431,60.136627256190565,15.57304855155309,2.4809935945359207,0
2024-11-06,20.897420208113733,98.71152810334843,26.665047846251134,1.881494014993686,0
2024-11-07,27.09661141476377,91.39223342487561,15.22605073178045,2.374950119711855,0
2024-11-08,7.043193077033292,82.07019169541559,30.747439162985458,2.139633919108263,0
2024-11-09,34.53662273609968,83.62340569692341,21.128656454067432,1.524544635156384,0
2024-11-10,29.591597376230617,73.72436766415427,15.805160060184642,2.1592605023994373,0
2024-11-11,61.81325805499887,96.82544002651115,26.767044419663065,1.5041516682798448,1
2024-11-12,27.44385150595642,69.77552517294168,22.953688288661095,1.683559862557604,0
2024-11-13,37.06579570517981,62.831062592193675,34.47600826714299,2.094664153646187,0
2024-11-14,13.721083865280034,49.78212021589546,25.883973250074042,2.148622136690062,0
2024-11-15,14.234809950482926,87.17233913566348,20.504783620740167,1.4053837674614353,0
2024-11-16,7.820497863791185,84.06663592453549,29.188777292679497,2.5269928855914383,0
2024-11-17,13.839375655868645,63.06130231144809,20.429840050854224,2.2860031391502362,0
2024-11-18,19.712258625066696,41.51160483755376,33.0848658281513,1.6476357821945582,0
2024-11-19,57.78266749539698,90.33983966308065,22.49443941014753,1.2312076017754123,1
2024-11-20,12.061753231914743,40.68507900724442,25.997371255524104,1.9275477104592844,0
2024-11-21,93.79687088168049,82.22198677774306,16.011462076484577,1.77702814306942,1
2024-11-22,39.39095217831957,98.21542658356341,23.522424759044615,2.0565702285265113,0
2024-11-23,33.89982453565462,66.2596796888922,31.6472707932199,1.8184416694222167,0
2024-11-24,25.858038920297236,54.09840429975716,31.11297610726684,0.9962715696274951,0
2024-11-25,22.259999407888966,82.29226060260291,19.486371177070524,1.8058265308494208,0
2024-11-26,15.683641287240281,89.0276885209351,19.521581420211255,1.8471904444658436,0
2024-11-27,6.749623552387252,72.78581896467084,31.346106244264735,2.316830512387029,0
2024-11-28,12.44299322056411,98.02211651536877,33.60796840338651,1.6509001626944753,0
2024-11-29,72.0699830031344,43.100123299477666,16.907218425460073,2.839337336686283,1
2024-11-30,37.716287269198304,70.28773589827169,24.001172788524507,1.0441797246741213,0
2024-12-01,71.65030535788954,83.107236839353,21.74908557928458,2.655583748901312,1
2024-12-02,15.342866006612358,91.75842826895074,32.41376910914879,1.8878405145609476,0
2024-12-03,10.048311668770236,50.755336714467404,16.670498293600374,2.429792436171778,0
2024-12-04,25.665848977409574,88.00020890582088,19.22251885116075,2.0399007420293667,0
2024-12-05,12.857386344322778,73.1624245431127,30.049366751729885,2.5697777680127345,0
2024-12-06,29.80602265346753,63.7932209193978,16.02587697962431,1.8063190177235944,0
2024-12-07,5.353410366094879,47.90290171474561,24.850707614285785,1.4506897874110938,0
2024-12-08,2.855980282496771,91.91774553453475,23.842140693594402,2.7102521436355316,0
2024-12-09,32.96568833129828,49.43639249078292,21.688023579774974,1.9432596770589294,0
2024-12-10,73.39024593844866,58.58727155254596,22.891446306378477,2.1107792368121054,1
2024-12-11,34.023812394053714,57.40273191774621,25.59881173860466,2.6173759570223973,0
2024-12-12,37.44549663204627,92.28484205145125,18.22734716776766,1.4840223789527824,0
2024-12-13,26.500911118828487,80.36217965253388,26.439917565671855,2.2977454488196285,0
2024-12-14,28.425164159186977,87.80088383148234,31.108646585999725,1.7050526217685547,0
2024-12-15,6.400606767691644,55.02807392754994,30.20321859580318,1.933915322177814,0
2024-12-16,13.290305796088681,77.49244597641993,18.077998093875472,2.0361394826921444,0
2024-12-17,57.38922266395685,74.30475898862491,17.984989394829476,1.249889069276532,1
2024-12-18,19.359716638013193,89.96982260729627,20.363487354898268,1.6105814785897827,0
2024-12-19,56.61779467176053,94.36522362887564,22.221494526820745,2.6755364462065696,1
2024-12-20,27.845979458532373,40.72940628864321,23.169111628169652,2.443095594292398,0
2024-12-21,28.906477640972312,80.44119514352755,28.593944336666905,1.9686802113363826,0
2024-12-22,19.479039650889547,43.11014794718374,16.13360864331671,2.1215617292564466,0
2024-12-23,41.372347843003645,72.93151990464136,15.693454084521328,1.8528787471817711,0
2024-12-24,48.47967701385949,57.25796374262069,22.838211258878182,2.678291692913991,0
2024-12-25,12.659321455731153,58.40659597132847,28.94327384275961,1.8998237111029181,0
2024-12-26,7.066458585826109,61.177510207141395,18.868706859129652,2.115921046067424,0
2024-12-27,3.6360863553044838,77.27754694297661,27.830089625125034,2.5730150720710325,0
2024-12-28,36.183897753786354,60.042997940126156,20.19656275880599,1.6113142575770467,0
2024-12-29,33.30500772335148,83.96194303541682,32.721722176270326,2.779394592248447,0
2024-12-30,111.01956357586286,64.27164313443218,32.91379888533233,1.2347692951283116,1
2024-12-31,26.618334726840615,44.101192018597516,20.94574408562653,2.814821065556399,0
2025-01-01,23.13348976239271,87.02559054904643,19.599875079264812,1.8136622080240128,0
2025-01-02,30.543750303430187,57.14549947556236,23.226079441324625,1.8786506260873592,0
2025-01-03,31.761425363367593,65.96601277595576,19.810631703602972,1.0549949144085287,0
2025-01-04,21.762668745556056,81.12663299331409,28.447676865834072,1.7726026413111535,0
2025-01-05,13.035061467242059,59.94736942892272,31.52129369096571,1.4800967344865579,0
2025-01-06,25.549706285172856,43.39513936880294,28.46184261822434,1.6961768273132636,0
2025-01-07,24.823826843492938,62.43526282076881,31.48700894498699,1.93134451710556,0
2025-01-08,24.518480025484216,96.66691496165821,22.939843244149483,2.478895807236453,0
2025-01-09,44.41502217940947,78.50406383791349,18.126339414177217,2.103801675700313,0
2025-01-10,25.201013982381856,80.28874892003242,29.759018947951844,2.1538383267005567,0
2025-01-11,7.229473931669238,77.9369292182584,22.209490102831076,1.4522403055772188,0
2025-01-12,14.95692965173792,51.93952833756621,28.42541650458265,1.559622955198635,0
2025-01-13,21.551294897691406,65.1000318461368,20.41287883963531,2.899362509175656,0
2025-01-14,26.11314538341497,85.0563879017991,16.624592696133455,1.6323994826183768,0
2025-01-15,36.72428325633709,46.08237385318955,34.85163590975527,2.8281041260286477,0
2025-01-16,26.269441761028485,56.671166565382734,18.124030158611987,1.8784694005595668,0
2025-01-17,2.940085737596752,56.579146507951215,34.76841987926962,2.001143968071752,0
2025-01-18,8.129387251733355,65.92113565567035,34.545598651328945,2.535182580114965,0
2025-01-19,38.51006078724641,98.8221244565311,30.876362078160792,2.6359462109693284,0
2025-01-20,21.090301329909995,44.05015280102931,28.18845924163995,1.9445937198604561,0
2025-01-21,27.9908569982118,71.12205966283571,26.556141005021694,1.8058784732392306,0
2025-01-22,19.024010419128903,50.76188092073263,32.322030907556695,1.9720397757388934,0
2025-01-23,14.903501862781056,98.24059272458464,20.78879043238976,2.168978764116059,0
2025-01-24,19.58823099328694,46.798210283647855,24.35362424969754,2.4456518434348777,0
2025-01-25,28.24020346480246,64.21606014169548,27.387799387330038,2.002114929497076,0
2025-01-26,25.05903232998771,84.27309909007637,23.22380951738982,2.3094431490115768,0
2025-01-27,48.26473825721175,82.27326568164672,23.54972908180536,2.8191798661354706,0
2025-01-28,5.860742877027236,65.36371821363593,21.60569335004169,2.1906548061323923,0
2025-01-29,6.773306461304621,60.79145007716309,26.28463633369072,2.1558264280023893,0
2025-01-30,20.895147709774662,63.85674271317224,32.01149056030232,1.240544587454966,0
2025-01-31,37.019603934225,55.85657578951836,19.030567560126258,0.6846349315854683,0
2025-02-01,42.770835166647416,52.31997632240799,33.688660775068826,2.1941878646150843,0
2025-02-02,15.41528886991822,68.9823818535334,28.78175307496459,1.9525878843595639,0
2025-02-03,0.9065824094136871,56.112025364056436,31.465464253600604,1.742608662542629,0
2025-02-04,15.843796978663855,57.247699893835005,26.123813852600232,2.1217651020931725,0
2025-02-05,33.380686542046575,79.40536380847342,30.59033402848127,1.969798135401546,0
2025-02-06,24.704696458764943,98.11223990199353,15.324007946789344,2.5638901253169495,0
2025-02-07,37.97948037731396,76.21823203356251,31.367608495590705,2.043055434129489,0
2025-02-08,56.06768159258261,44.61876802389798,15.80277718170733,1.6265383574649162,1
2025-02-09,22.05403166036198,44.53501683124402,32.79826752725725,2.4950831194796446,0
2025-02-10,17.360888042155104,97.08539325073396,34.83925494477286,1.8914344625268988,0
2025-02-11,11.48216172982318,57.83744741844002,20.881349243535556,2.2632683418361537,0
2025-02-12,6.732665191095977,45.52401916494853,19.206371125715872,1.7612946469035997,0
2025-02-13,4.963581415206064,75.9426752290229,30.307267277160815,1.6750865572512819,0
2025-02-14,14.152862619132462,77.41892669741597,20.060526818405066,2.042084115092848,0
2025-02-15,51.02860779061003,78.91028920712128,32.31124766344407,2.0064143217718424,1
2025-02-16,40.55997108188081,56.04412167145248,17.056851843149534,2.2399135176834166,0
2025-02-17,16.691940492087866,40.9066410528685,17.519103927587164,1.8656771233451288,0
2025-02-18,94.3665442675057,97.9009221672683,34.58303110201231,1.0818201081148013,1
2025-02-19,15.009200757619164,55.05358274146615,28.476777965400093,1.7836130582058056,0
2025-02-20,59.630006067612335,80.56157728315284,31.937744488579057,2.396909233571908,1
2025-02-21,69.06859013813197,82.39779219272258,21.48658754703036,1.8513119603784467,1
2025-02-22,35.00707324385765,76.60044502476914,28.52967499041209,1.876808298742726,0
2025-02-23,14.038638166941181,58.77444365281889,26.884836546171943,2.4931882529529688,0
2025-02-24,18.571896622016922,56.265775225843946,27.06300240245894,1.6440133863705386,0
2025-02-25,28.749563418322705,75.86009696216219,28.650649190754432,1.2285983908785503,0
2025-02-26,6.9347279453790325,91.9657380167015,26.50718346258197,1.9196844402372528,0
2025-02-27,10.510228491861211,96.80402373540373,23.58124738605332,1.7579130243756316,0
2025-02-28,9.71299028338539,46.35434826422546,20.51845388761094,1.516876840123373,0
2025-03-01,36.898726176766324,49.28971675586319,30.371626618264038,1.9123107720506547,0
2025-03-02,55.70788565626437,96.68417552698477,19.525448600063726,2.2457528236233917,1
2025-03-03,41.66686119386272,84.19211370008756,28.847086123088282,1.9953557192160922,0
2025-03-04,49.67418466477703,92.97962948978639,19.666656452986533,2.153490536343119,0
2025-03-05,13.02189473423966,52.15795804812059,27.50660339908908,2.9067038492577115,0
2025-03-06,19.25748483599224,75.25515226656411,29.941565342580578,1.828560569221218,0
2025-03-07,20.45043416631684,82.06837566504842,19.374277778130782,2.1391743173223348,0
2025-03-08,34.90817045090108,80.80671312681835,16.198866017226166,1.7453933187004327,0
2025-03-09,14.494222146127496,64.48910145200189,17.619474859883482,1.5768201400565136,0
2025-03-10,47.61571740147241,40.92369350147851,27.11993934542051,1.707546173291115,0
2025-03-11,67.81638387799123,74.9755634082558,31.98892812451471,1.7606207142391557,1
2025-03-12,36.18004316522451,55.186092350776526,15.899936424708487,2.179737898773563,0
2025-03-13,18.577755601952692,67.01525476857341,29.683025180832924,3.1745378933503785,0
2025-03-14,12.015799066792482,97.45486090502904,21.82637291900104,1.6419782818620798,0
2025-03-15,9.734677455509967,63.94211905854608,24.570567398390452,1.7916873471922687,0
2025-03-16,2.9826354161591944,90.3880963998656,33.57719099691131,1.968438493444376,0
2025-03-17,20.95554688415586,51.31243634495507,21.639430094716907,2.1978994243548735,0
2025-03-18,20.013533757515926,80.34762988150173,24.30673867878972,2.1317754059773923,0
2025-03-19,45.63923783876782,98.6204172663366,15.273648295213622,2.6420478969740584,0
2025-03-20,15.323344008549192,46.113586052376206,16.631974400096766,0.7868039647323959,0
2025-03-21,21.901341626269,40.49919653363152,20.17183182269568,0.8065350649021636,0
2025-03-22,30.881104530329754,66.01496755795687,15.557044816421488,1.7520609139949253,0
2025-03-23,35.76390194508852,45.55752898308203,27.62750652096502,2.5486500937718546,0
2025-03-24,42.10185844693287,84.90306098057388,23.52796713603245,1.2171759841972019,0
2025-03-25,28.67186410055347,94.87291983091353,25.96290405456044,0.4961838301531214,0
2025-03-26,7.357279715878795,66.04125836252553,18.49294371792659,2.285589703109604,0
2025-03-27,33.566153006738034,55.52269852932646,20.918640588732323,2.1218286118513574,0
2025-03-28,14.388935564267738,66.06419914039658,28.276489497054502,1.4548957966002851,0
2025-03-29,57.4630502828907,83.40686907100006,34.306054472608,1.507230199639535,1
2025-03-30,25.414188854040294,40.54324969482226,16.008335472044184,1.5151281401826628,0
2025-03-31,29.95798082645756,75.36723936908183,32.80768641710532,2.05526765873697,0
2025-04-01,116.80335639778849,76.79750109324274,26.53762402622417,1.6868423619084965,1
2025-04-02,42.6099993084589,78.26129481375614,26.278391335112474,2.2470319594877597,0
2025-04-03,33.13133871015237,54.52132479885263,25.005570704155208,0.5726866685478045,0
2025-04-04,22.413519506855884,82.84316340268761,16.38788171808367,1.5715740674361003,0
2025-04-05,7.9963926319495595,45.483489179906584,16.797537034723213,1.436973019544475,0
2025-04-06,21.166805688882558,51.95622018800805,27.018240113181722,1.871829660813754,0
2025-04-07,11.881904371815166,92.64820279926892,21.819171428711165,1.7309761207549308,0
2025-04-08,73.28437609514265,84.32338904359398,33.34536133155361,2.3989218899478835,1
2025-04-09,33.44806456100472,40.824733240680715,23.131810747189444,1.0703316141699712,0
2025-04-10,56.069671861188056,54.90257562218801,17.86562917405282,2.022745738165376,1
2025-04-11,14.9532079666255,52.864388979589876,29.29437667004072,2.2791682116058527,0
2025-04-12,12.672750120895088,56.248379682218356,20.867068428820197,2.9283237182809776,0
2025-04-13,39.77247855782807,54.85358621679318,25.509406147117865,1.7591170144532624,0
2025-04-14,11.451186621871468,43.751577744570746,28.9566557101034,2.1622293021762586,0
2025-04-15,17.449479507499124,67.53643099580921,33.00528222404141,1.0980686037188176,0
2025-04-16,75.57095598067322,83.9640084871699,30.84382389603352,0.8040218978434881,1
2025-04-17,18.032157813066682,76.40390348304618,28.527221357454483,2.42238718789085,0
2025-04-18,6.364358844657001,80.37230011588478,28.59266364790287,1.9972198531759646,0
2025-04-19,4.05501557476508,44.86895071217435,33.91849288064173,2.589256344899211,0
2025-04-20,5.565752888651,97.08944261060724,20.91648194993072,1.3132985555151255,0
2025-04-21,58.28656109384705,90.30951003058149,15.022241883923748,2.259951069764376,1
2025-04-22,15.763725514624007,88.30541910973976,20.439091187963975,2.9344089202719266,0
2025-04-23,114.46577379484468,89.37902830250604,19.357827592534882,2.2098528041786327,1
2025-04-24,68.33149947784818,95.96263048796568,28.236691702279963,2.138290752795524,1
2025-04-25,87.44407646524485,72.65523796682186,27.67423199531058,2.0042780404121747,1
2025-04-26,50.536555381679406,52.016921072057556,26.869227654094477,1.214559271437044,1
2025-04-27,38.31919747888661,77.00701647115247,15.324868864189074,2.677786467855174,0
2025-04-28,12.267182862203406,84.57288962007634,29.57556108901295,1.694571180097467,0
2025-04-29,24.934710831503168,84.27504360124152,21.47060824970983,2.2522416281915083,0
2025-04-30,41.05559253469743,71.2869414500128,28.301119780132623,1.2184828467143731,0
2025-05-01,48.437617280119085,44.10752316001468,26.131568570043065,1.4102701677461098,0
2025-05-02,8.76816235531605,62.26677630580767,21.854618508558143,2.7175436996111175,0
2025-05-03,21.43419512942885,95.24599650780144,17.691525342082155,1.8263488555210785,0
2025-05-04,23.432832653460938,75.06693458544555,16.88837795320962,2.7266377380212723,0
2025-05-05,22.715705342004647,72.29991659534281,31.63036666224447,1.960884670470741,0
2025-05-06,9.949182822779507,56.13121086293161,33.367950841631156,1.0790511135210714,0
2025-05-07,80.83546470063646,62.10693519499473,27.995760935285993,2.44603379986586,1
2025-05-08,20.865630138645205,93.72076534919016,17.06868229720967,1.705053841122196,0
2025-05-09,10.643094357873705,79.98778285161015,23.040544337764814,2.349344406758522,0
2025-05-10,82.13357407072822,87.24322160513998,29.578784002103145,2.012605433770041,1
2025-05-11,68.37442125562987,67.2607253840593,30.596417680201363,1.2284408860285647,1
2025-05-12,27.828698509815638,77.81483316736947,17.364372445821772,2.0821473826852843,0
2025-05-13,17.01763455547532,54.90301652459245,15.000614376907649,3.0981115710764,0
2025-05-14,5.088907685562366,82.32764981700917,29.2427409176121,2.2464932292572297,0
2025-05-15,36.32304997054445,65.65608002220024,22.13192351972411,1.9712411234972684,0
2025-05-16,16.038092627083305,66.55273088888474,20.089626632365203,2.537671700978449,0
2025-05-17,24.4709525407218,78.9593394746129,15.257949395790508,2.1053342326015554,0
2025-05-18,77.41928984484994,96.1768372881356,25.805988135229995,2.104767115131397,1
2025-05-19,15.057526956908813,43.84038079651725,32.02301470851964,1.4541874139204487,0
2025-05-20,35.22085060825623,89.48459424082046,34.152632925451755,2.116924012894799,0
2025-05-21,42.96295125997154,57.54298662473158,26.314899012265784,2.517721708208472,0
2025-05-22,57.081100112244634,66.63516727038267,25.289226554797885,1.5819689239499877,1
2025-05-23,23.110246520201507,41.31479972650054,16.70112770978482,2.712247910623474,0
2025-05-24,21.259653900471225,58.06276467005878,25.977456030851997,1.954146987927437,0
2025-05-25,20.8657195227958,70.15787455780783,22.599581579307895,1.5561152442307296,0
2025-05-26,32.81012480256706,43.37056464084634,27.142705617671538,2.4988160384601223,0
2025-05-27,66.47761998050706,69.46574376298992,22.774526957530934,1.8566028821308653,1
2025-05-28,20.108677675932626,95.62663773150564,19.805982469007333,2.379757443743054,0
2025-05-29,1.3085106118504157,46.323593086468314,16.89930550456753,1.8541206838707314,0
2025-05-30,46.324468647308656,85.86644368453025,21.298368891777915,1.9700869282350482,0
2025-05-31,26.31983781578264,64.58026320255956,16.932896685755047,2.2467801021671456,0
2025-06-01,36.38118790348544,79.31042287146028,18.53793901647968,2.145448528795003,0
2025-06-02,5.3074484982560906,55.614195879113765,34.746723171590915,1.0022341097741307,0
2025-06-03,16.090699097448205,49.5695357524815,23.882071138132375,1.4393781299528041,0
2025-06-04,43.75077616976109,49.627756856273585,25.63743533010033,2.464704992395408,0
2025-06-05,7.727826112457446,44.22951673858868,32.4723705747443,1.9339317055492264,0
2025-06-06,35.16383033247032,51.13880229407458,34.91137800981376,1.738134348614289,0
2025-06-07,24.316137755787,79.8531630993381,26.654288986893633,1.3207129923712628,0
2025-06-08,13.302234163170892,92.90143671061048,31.249476420883433,1.460131839362076,0
2025-06-09,12.363164404713306,88.84754113546971,21.538820486733506,0.9891006800190263,0
2025-06-10,10.037082659107138,81.10805859246904,21.11487914894582,1.9493596406492335,0
2025-06-11,26.21354815513508,46.62591180466616,23.054074419891204,1.7007812097094765,0
2025-06-12,28.57479791089603,57.35124677775699,28.450145253472982,1.5167060545073423,0
2025-06-13,18.544807133809833,58.58841251934814,28.643833785101975,1.9659382874160234,0
2025-06-14,9.455185131541633,54.997416783857275,21.304788692989014,2.181985315426369,0
2025-06-15,34.44267080028116,70.90033958258338,17.664198482732573,3.0465989661049724,0
2025-06-16,46.90795826439465,72.13322889278035,27.64792512931017,1.2440582902183932,0
2025-06-17,39.008771611586404,61.41315851026661,17.56651724377529,2.579690521650261,0
2025-06-18,89.75784082345687,61.22734952418616,26.5698501645866,2.486550780507536,1
2025-06-19,21.622848382290897,89.71333587436487,28.86844256112618,1.6104536303116497,0
2025-06-20,62.194185361904516,87.35757089918113,29.01222992788903,2.1016179772930155,1
2025-06-21,14.461313959424558,58.46774990084474,30.069442213191934,1.7711833753311923,0
2025-06-22,12.497589856842499,94.82730663239556,32.45718843131329,2.0928442902093694,0
2025-06-23,27.4515348544318,97.16890102015037,24.99917983929577,2.754565506702275,0
2025-06-24,71.50512671859815,59.60455252180245,29.604983790591426,2.3028031163156566,1
2025-06-25,19.764174920019222,61.26549692758329,27.383454707316734,2.254304186616721,0
2025-06-26,5.303005063079586,70.33804920531753,18.732798795953652,1.7848453400226787,0
2025-06-27,46.297140534784184,96.46724875202041,15.513792897388164,1.2579716675378325,0
2025-06-28,23.52277936885227,92.57916598853869,20.690827713538674,1.895765894729796,0
2025-06-29,31.24306634753242,46.154077755015386,23.860674126752386,2.6033040774319574,0
2025-06-30,13.084727995362202,63.56384459628497,27.342118888573125,1.2364160717051762,0
2025-07-01,27.258248389991355,73.20227138498632,31.999186610064108,1.4724553159116525,0
2025-07-02,6.210725857722365,70.1879483530924,18.92491433412331,2.063133868117034,0
2025-07-03,81.65141717485278,51.63178407621356,17.510995797969542,1.5076726075763687,1
2025-07-04,52.28972609369337,91.52900627008928,34.26959894948655,1.6037382764423938,1
2025-07-05,26.337172611931823,80.61644697981023,17.160891187528144,1.7882007091359116,0
2025-07-06,45.41687881478453,90.27450249110822,24.569821402143784,1.3171912979049254,0
2025-07-07,14.493796650572227,91.52585676096834,26.711274575866035,1.5129390768918158,0
2025-07-08,50.71938306495352,84.90135121994439,25.827488418148764,2.3517139583936544,1
2025-07-09,19.06133024008789,66.35263607498304,16.720643140658865,1.346315108884518,0
2025-07-10,17.969739797045847,76.63280530092547,16.140538280072388,1.2010639327525812,0
2025-07-11,10.690470362553185,49.62192436718459,17.109668549220714,1.6849875102330527,0
2025-07-12,34.13285053720321,80.41872504849445,26.71175367745225,2.3659777512549227,0
2025-07-13,25.471946785736527,50.75519534435685,25.886897752686423,1.9015390960015552,0
2025-07-14,63.531390512811214,81.63697543060941,19.674815840734887,1.7677094609421908,1
2025-07-15,9.554226348439801,53.775889645238124,27.75548283691183,2.0221793987578036,0
2025-07-16,34.24517797025881,47.0530780090132,31.401350041112988,1.127146283570174,0
2025-07-17,55.76346889309672,49.91706940857745,15.831579196931875,2.247352826887516,1
2025-07-18,28.95632282217568,40.11952811314421,24.962598870960846,2.1917175157018223,0
2025-07-19,18.76564055430895,83.12437707121182,28.786208242053807,1.7953457629521394,0
2025-07-20,28.40618559678424,83.94406294350274,20.04623854139374,2.5029622558982085,0
2025-07-21,60.179837188828635,70.89600099479557,21.15541810586298,1.4362519505234808,1
2025-07-22,60.16305746970518,49.68176806332302,27.272758059787677,2.5639544966267844,1
2025-07-23,22.78260541065029,45.01326025064139,32.95870586887474,2.0772468327976257,0
2025-07-24,59.466061839623855,41.14773798623722,31.198488406057987,1.8317237050609134,1
2025-07-25,24.559771472894482,49.944890617913245,26.66260438199167,1.9900631823158441,0
2025-07-26,45.06737136681557,93.45133209898881,29.604434355144985,1.9463676170945292,0
2025-07-27,37.15236633068665,54.4922105021009,22.29644940415597,2.6101414482088585,0
2025-07-28,18.1551346792779,61.25627963303294,27.819310561975154,1.4616604362644932,0
2025-07-29,11.054071857383454,46.32072906887999,24.32363182255114,1.6187403804267009,0
2025-07-30,56.75351704963329,53.34167828489022,18.79872272915122,2.51815144603624,1
2025-07-31,67.5473416662187,71.15347424681231,29.034765477545143,1.7022325324080705,1
2025-08-01,33.661508416724175,76.46516098573915,26.12929274697644,2.4502665386657956,0
2025-08-02,24.534375138279522,54.72113884997266,22.172431639071828,2.8497179915043547,0
2025-08-03,8.413343018949877,43.46392955350703,33.226783801572616,1.7991024865291831,0
2025-08-04,55.77316685970069,63.46197214764392,15.418682356534665,2.3406811632876527,1
2025-08-05,30.896889472370074,54.05220225558005,21.31546302498992,1.4231538593300708,0
2025-08-06,20.314017326237753,53.17323539378812,16.13762795555293,2.3773666490339047,0
2025-08-07,45.95303863872355,97.59176816280731,30.330546324432543,2.0997119929933836,0
2025-08-08,6.944176263326723,76.97802915554345,29.042149082275852,2.2365191410801075,0
2025-08-09,10.201221627626424,73.41270659032575,21.62704437472634,1.6772139639823025,0
2025-08-10,14.038248011225194,64.94650621139931,28.51325804414146,1.1694582922164138,0
2025-08-11,36.33069529540105,65.73666000580866,22.918744523918996,2.2516260323747526,0
2025-08-12,28.641326576198914,72.45430023028484,30.125075828448686,0.9682984237602728,0
2025-08-13,39.415725632030735,81.78578842216643,24.083673254734123,1.8413247538787325,0
2025-08-14,53.23447109584863,82.12876577090977,23.24559455663331,2.470590933209985,1
2025-08-15,40.41703569202535,50.30163446232697,33.69459830976602,2.095948867936518,0
2025-08-16,82.78990573500194,70.00676512459762,20.017581997814005,2.9741713223949064,1
2025-08-17,53.15056630774142,64.71748570204612,17.408946799931307,2.5125545762908867,1
2025-08-18,22.740536185933564,92.23161797616305,26.690862265189164,1.6730508058372118,0
2025-08-19,16.000277423254925,77.88513527310258,34.386436245683576,2.0136566899257193,0
2025-08-20,23.287492581494437,71.95024398495892,22.556784274543734,1.976314648727782,0
2025-08-21,41.408748662454244,46.923678530735046,16.24073527257563,1.2089116183269364,0
2025-08-22,17.47954382201672,76.3382733594047,21.78610534619135,1.5298005417578233,0
2025-08-23,42.20974914279145,47.03223434081401,25.11863308639117,1.7196195465100699,0
2025-08-24,38.91020404043309,60.232394533945126,18.238460132644274,0.9818897485720317,0
2025-08-25,10.908286778738857,48.57051788885991,28.16204436112984,2.0237467341258215,0
2025-08-26,52.477890720402094,81.52441882146213,34.95498778020401,1.8754640776734797,1
2025-08-27,32.808309747853784,52.37512683016916,24.034789519628877,1.163553049344213,0
2025-08-28,80.1636907450667,63.51156239128156,22.09457113460425,2.202106432638666,1
2025-08-29,24.625823402947557,93.74048665712672,23.014083336689332,2.35793637234548,0
2025-08-30,19.576546317243775,52.25898300393822,17.302923567904024,2.1135172394324444,0
2025-08-31,9.643338742604636,70.46830383752675,32.665472028524476,1.837965912395515,0
2025-09-01,9.49916691354226,65.15629966996133,23.29651311042704,2.295721075875927,0
2025-09-02,48.28736393779142,41.08744246274378,22.745488228496825,2.3401101802383457,0
2025-09-03,74.91094059606189,87.56548681436877,28.193805458609486,2.153701784859844,1
2025-09-04,23.031407412522906,44.142754378875985,23.84066841862247,1.5876938747826195,0
2025-09-05,21.87121469777196,68.45530125861721,27.96466937615692,2.1383003827555904,0
2025-09-06,26.381238767221774,73.640697696337,16.22892580261575,2.5977403254127394,0
2025-09-07,54.92445342472774,77.70558739687522,31.27446687444455,1.701685470694135,1
2025-09-08,10.998609849855761,81.31789775847253,33.810079057588055,3.0489696695662154,0
2025-09-09,29.90592280183007,55.196343011362906,27.97530772318772,1.7371845330073077,0
2025-09-10,49.03877234263446,40.59872659950696,34.09131857717621,2.016203506670068,0
2025-09-11,36.013269061583394,83.40661974129472,18.028646287399265,1.6637572019968319,0
2025-09-12,0.6887846416434507,72.13939596085471,24.548323789607075,2.11163541796013,0
2025-09-13,40.558619468162604,90.16706219243493,27.036134678908944,1.1288891536823624,0
2025-09-14,36.26352493387887,89.28330177404166,26.634732948423732,1.7269791005916395,0
2025-09-15,62.15089508338147,90.59957006727299,23.029235581780867,1.4539393998257164,1
2025-09-16,71.02236904618508,69.10567959877241,21.761688187325227,2.0676691739461455,1
2025-09-17,60.086562085695604,60.017703750211936,17.536480451008376,2.497223687754454,1
2025-09-18,26.489402018792696,87.4934921554822,22.834849011245563,2.3230030935572756,0
2025-09-19,5.040395117748224,67.07764678175529,18.253216302109703,0.8141703195705539,0
2025-09-20,21.74632347568238,51.006531784206075,29.687313529844367,3.02103482646394,0
2025-09-21,25.85389928259644,91.29844117368846,19.176618709891798,2.147639970310434,0
2025-09-22,74.28632023804731,92.95359260634083,16.171306105690675,1.6117504297535,1
2025-09-23,13.202298726350996,67.97858536841021,26.047322756344684,2.0785639594954706,0
2025-09-24,7.160371859423543,44.54198363858725,26.90459465438803,2.0880949112513463,0
2025-09-25,17.5740520967079,63.269565395015874,32.438261225610105,1.666575641524218,0
2025-09-26,13.845698419497102,88.2122595677562,26.539632248353637,2.0989583336710376,0
